title,author,category,season,episode,source,status,video_created,youtube_uploaded,notes,added_at
벅아이,Patrick Ryan,masterpiece,,,미국문학,uploaded,2025-11-30,2025-11-30,,
선라이즈 온 더 리핑,Suzanne Collins,masterpiece,,,미국문학,uploaded,2025-11-30,2025-12-01,,
사피엔스,유발 하라리,ildangbaek,,,,uploaded,2025-11-26,2025-11-26,,
21세기를 위한 21가지 제언,유발 하라리,ildangbaek,,,,not_processed,,,,
호모 데우스,유발 하라리,ildangbaek,,,,not_processed,,,,
동물농장,조지 오웰,masterpiece,,,세계문학,uploaded,,2025-11-30,,
노인과 바다,어니스트 헤밍웨이,masterpiece,,,노벨문학상,not_processed,,,,
햄릿,윌리엄 셰익스피어,masterpiece,,,세계문학,uploaded,,2025-11-30,,
죄와 벌,도스토옙스키,masterpiece,,,러시아문학,uploaded,2025-11-25,2025-11-25,,
로미오와 줄리엣,윌리엄 셰익스피어,masterpiece,,,세계문학,not_processed,,,,
전쟁과 평화,톨스토이,masterpiece,,,러시아문학,not_processed,,,,
안나 카레니나,톨스토이,masterpiece,,,러시아문학,not_processed,,,,
위대한 개츠비,F. 스콧 피츠제럴드,masterpiece,,,미국문학,not_processed,,,,
톰 소여의 모험,마크 트웨인,masterpiece,,,미국문학,not_processed,,,,
허클베리 핀의 모험,마크 트웨인,masterpiece,,,미국문학,not_processed,,,,
레 미제라블,빅토르 위고,masterpiece,,,프랑스문학,not_processed,,,,
몬테크리스토 백작,알렉상드르 뒤마,masterpiece,,,프랑스문학,not_processed,,,,
삼국지,나관중,masterpiece,,,중국문학,uploaded,2025-11-27,2025-11-27,,
수호지,시내암,masterpiece,,,중국문학,not_processed,,,,
돈키호테,미겔 데 세르반테스,masterpiece,,,스페인문학,not_processed,,,,
오만과 편견,제인 오스틴,masterpiece,,,영국문학,not_processed,,,,
제인 에어,샬롯 브론테,masterpiece,,,영국문학,not_processed,,,,
폭풍의 언덕,에밀리 브론테,masterpiece,,,영국문학,not_processed,,,,
데이비드 코퍼필드,찰스 디킨스,masterpiece,,,영국문학,not_processed,,,,
두 도시 이야기,찰스 디킨스,masterpiece,,,영국문학,not_processed,,,,
크리스마스 캐럴,찰스 디킨스,masterpiece,,,영국문학,video_created,2025-12-03,,,
프랑켄슈타인,메리 셸리,masterpiece,,,영국문학,not_processed,,,,
모비딕,허먼 멜빌,masterpiece,,,미국문학,not_processed,,,,
백경,허먼 멜빌,masterpiece,,,미국문학,not_processed,,,,
적과 흑,스탕달,masterpiece,,,프랑스문학,not_processed,,,,
마담 보바리,귀스타브 플로베르,masterpiece,,,프랑스문학,not_processed,,,,
젊은 베르테르의 슬픔,괴테,masterpiece,,,독일문학,not_processed,,,,
파우스트,괴테,masterpiece,,,독일문학,not_processed,,,,
변신,카프카,masterpiece,,,독일문학,not_processed,,,,
성,카프카,masterpiece,,,독일문학,not_processed,,,,
파리의 노트르담,빅토르 위고,masterpiece,,,프랑스문학,not_processed,,,,
그리스인 조르바,니코스 카잔차키스,masterpiece,,,그리스문학,uploaded,2025-11-26,2025-11-26,,
데미안,헤르만 헤세,masterpiece,,,독일문학,uploaded,2025-11-26,2025-11-26,,
싯다르타,헤르만 헤세,masterpiece,,,독일문학,not_processed,,,,
유리알 유희,헤르만 헤세,masterpiece,,,노벨문학상,not_processed,,,,
백년의 고독,가브리엘 가르시아 마르케스,masterpiece,,,노벨문학상,not_processed,,,,
호밀밭의 파수꾼,J.D. 샐린저,masterpiece,,,미국문학,uploaded,,2025-11-28,,
앵무새 죽이기,하퍼 리,masterpiece,,,미국문학,not_processed,,,,
분노의 포도,존 스타인벡,masterpiece,,,노벨문학상,not_processed,,,,
파리의 아파트,줄리언 반스,masterpiece,,,영국문학,not_processed,,,,
1Q84,무라카미 하루키,masterpiece,,,일본문학,not_processed,,,,
해변의 카프카,무라카미 하루키,masterpiece,,,일본문학,not_processed,,,,
춘향전,작자미상,masterpiece,,,한국문학,not_processed,,,,
홍길동전,허균,masterpiece,,,한국문학,not_processed,,,,
구운몽,김만중,masterpiece,,,한국문학,not_processed,,,,
사씨남정기,김만중,masterpiece,,,한국문학,not_processed,,,,
토지,박경리,masterpiece,,,한국문학,not_processed,,,,
태백산맥,조정래,masterpiece,,,한국문학,not_processed,,,,
아리랑,조정래,masterpiece,,,한국문학,not_processed,,,,
임꺽정,김동인,masterpiece,,,한국문학,not_processed,,,,
상록수,심훈,masterpiece,,,한국문학,not_processed,,,,
무정,이광수,masterpiece,,,한국문학,not_processed,,,,
삼대,염상섭,masterpiece,,,한국문학,not_processed,,,,
태평천하,채만식,masterpiece,,,한국문학,not_processed,,,,
날개,이상,masterpiece,,,한국문학,not_processed,,,,
광장,최인훈,masterpiece,,,한국문학,not_processed,,,,
서울 1964년 겨울,김승옥,masterpiece,,,한국문학,not_processed,,,,
무진기행,김승옥,masterpiece,,,한국문학,not_processed,,,,
엄마를 부탁해,신경숙,masterpiece,,,한국문학,not_processed,,,,
외딴방,은희경,masterpiece,,,한국문학,not_processed,,,,
채식주의자,한강,masterpiece,,,한국문학,not_processed,,,,
소년이 온다,한강,masterpiece,,,한국문학,uploaded,2025-11-26,2025-11-27,,
조지 오웰,가난한 집안의 똑똑한 아이가 겪는 이중구속,ildangbaek,,,나무위키,not_processed,,,,
이반 투르게네프/맥스 슐만,잃어버린 뒤에야만 알게되는 그리운 시간! 아름다운...,ildangbaek,,,나무위키,not_processed,,,,
"《달아 달아 밝은 달아/심청,연꽃의 길》",최인훈/황석영,ildangbaek,,,나무위키,not_processed,,,,
"윌리엄 골딩, 사마천, 괴테","왜 인간은 차별하고 싸우는가...공격성,선거,자본주의",ildangbaek,,,나무위키,not_processed,,,,
목마와 숙녀,박인환,ildangbaek,,,나무위키,not_processed,,,,
김호동/김운회,아산에서 한산까지...시궁창에서 별을 바라본 지도자!,ildangbaek,,,나무위키,not_processed,,,,
세계는 왜 싸우는가?,김영미,ildangbaek,,,나무위키,not_processed,,,,
우치다 타츠루,자본주의와 문명사적 관점에서 바라본 내일의 세계!,ildangbaek,,,나무위키,not_processed,,,,
커피 세계사+한국 가배사,이길상,ildangbaek,,,나무위키,not_processed,,,,
나의 문화유산 답사기,유홍준,ildangbaek,,,나무위키,not_processed,,,,
한국 독서 교육 연구회,"아이폰을 탄생시킨 시, 대통령을 만든 시!",ildangbaek,,,나무위키,not_processed,,,,
미야자키 마사카츠,"석유와 달러가 만든 20세기, 양극화와 환경 문제를 낳다",ildangbaek,,,나무위키,not_processed,,,,
장하준의 경제학 레시피,장하준,ildangbaek,,,나무위키,not_processed,,,,
오에 겐자부로/윤흥길,'하마에게 물리다'와 '완장'의 정치학,ildangbaek,,,나무위키,not_processed,,,,
수학을 공부하고 있다는 착각,조안호,ildangbaek,,,나무위키,not_processed,,,,
오십에 읽는 사기,김영수,ildangbaek,,,나무위키,not_processed,,,,
동조자,비엣 타인 응우옌,ildangbaek,,,나무위키,not_processed,,,,
나카자와 케이지,히로시마는 한반도의 타산지석...일왕은 왜 책임지지 않나,ildangbaek,,,나무위키,not_processed,,,,
미정,금수저 싸움꾼이 영생을 얻으려는 까닭,ildangbaek,,,나무위키,not_processed,,,,
경제학이 필요한 순간,김현철,ildangbaek,,,나무위키,not_processed,,,,
고통 구경하는 사회,김현철,ildangbaek,,,나무위키,not_processed,,,,
오십에 읽는 주역,강기진,ildangbaek,,,나무위키,not_processed,,,,
오직 나를 위한 미술관,정여울,ildangbaek,,,나무위키,not_processed,,,,
외로움의 습격,김민권,ildangbaek,,,나무위키,not_processed,,,,
김용규,산업화와 민주화 이후 가야할 길,ildangbaek,,,나무위키,not_processed,,,,
마흔에 읽는 쇼펜하우어,강용수,ildangbaek,,,나무위키,not_processed,,,,
알베르 카뮈,망설이는 반항이야말로 혁명의 방부제,ildangbaek,,,나무위키,not_processed,,,,
이토록 다정한 개인주의자,함규진,ildangbaek,,,나무위키,not_processed,,,,
이븐 알렉산더,"""천국을 보았다""는 뇌가 꾸는 꿈인가",ildangbaek,,,나무위키,not_processed,,,,
고전이 답했다,고명환,ildangbaek,,,나무위키,not_processed,,,,
린치핀,세스 고딘,ildangbaek,,,나무위키,not_processed,,,,
몽테뉴 특집편,몽테뉴,ildangbaek,,,나무위키,not_processed,,,,
천재 보고서,"스콧 배리 카우프만, 캐롤린 그레고어",ildangbaek,,,나무위키,not_processed,,,,
아주 오래된 행복론,알랭,ildangbaek,,,나무위키,not_processed,,,,
한국의 음식문화,도현신,ildangbaek,,,나무위키,not_processed,,,,
침묵의 서,조제프 디누아르,ildangbaek,,,나무위키,not_processed,,,,
죽음은 통제할 수 없지만 인생은 설계할 수 있다,비탈리 카스넬슨,ildangbaek,,,나무위키,not_processed,,,,
마흔에 읽는 비트겐슈타인,임재성,ildangbaek,,,나무위키,not_processed,,,,
줄리 메츠,거짓과 위선 그리고 새로운 출발,ildangbaek,,,나무위키,not_processed,,,,
부의 전략 수업,폴 포돌스키,ildangbaek,,,나무위키,not_processed,,,,
최소한의 행동경제학,김나영,ildangbaek,,,나무위키,not_processed,,,,
구와바라 테루야,철학적 투자가 갑부를 만든다,ildangbaek,,,나무위키,not_processed,,,,
화에 대하여/인생의 짧음에 대하여,세네카,ildangbaek,,,나무위키,not_processed,,,,
존 스타인벡,아무도 꿈의 농장으로 갈 수 없다,ildangbaek,,,나무위키,not_processed,,,,
아서 밀러,아버지와 아들의 갈등 뒤에 숨은 철학적 충돌!,ildangbaek,,,나무위키,not_processed,,,,
완역《손자병법》,손무,ildangbaek,,,나무위키,not_processed,,,,
사기,사마천,ildangbaek,,1,나무위키,not_processed,,,,
살인자의 기억법,영화가 책 잡히다 1부,ildangbaek,,1,나무위키,not_processed,,,,
관점(觀點),쑹훙빙(宋鴻兵),ildangbaek,,1,나무위키,not_processed,,,,
아마데우스,피터 셰퍼,ildangbaek,,1,나무위키,not_processed,,,,
군주론,마키아벨리,ildangbaek,,2,나무위키,not_processed,,,,
남한산성,영화가 책 잡히다 1부,ildangbaek,,2,나무위키,not_processed,,,,
이솝 우화,이솝,ildangbaek,,2,나무위키,not_processed,,,,
"만다라, 젊은날의 초상/라하트 하헤렙",김성동 이문열 조성기,ildangbaek,,2,나무위키,not_processed,,,,
솔로몬의 반지,콘라트 로렌츠,ildangbaek,,3,나무위키,not_processed,,,,
너의 췌장을 먹고 싶어,영화가 책 잡히다 1부,ildangbaek,,3,나무위키,not_processed,,,,
마이클 레드포드 일포스티노(Il Postino),정미녀의영원(映原)한 이야기,ildangbaek,,3,나무위키,not_processed,,,,
평온의 기술,강준만,ildangbaek,,3,나무위키,not_processed,,,,
내 심장을 향해 쏴라,마이클 길모어,ildangbaek,,3,나무위키,not_processed,,,,
오이디푸스왕,소포클레스,ildangbaek,,4,나무위키,not_processed,,,,
매디슨카운티의 다리,영화가 책 잡히다 1부,ildangbaek,,4,나무위키,not_processed,,,,
감시와 처벌,미쉘 푸코,ildangbaek,,4,나무위키,not_processed,,,,
길 잃은 사피엔스를 위한 뇌과학,마이클 본드,ildangbaek,,4,나무위키,not_processed,,,,
엑소더스,영화가 책 잡히다:출애굽기와 영화 엑소더스 1부,ildangbaek,,5,나무위키,not_processed,,,,
한비자,한비자,ildangbaek,,5,나무위키,not_processed,,,,
불안,알랭 드 보통,ildangbaek,,5,나무위키,uploaded,,2025-12-01,,
오리엔트 특급 살인,영화가 책 잡히다 1부,ildangbaek,,6,나무위키,not_processed,,,,
고민하는 힘,강상중,ildangbaek,,6,나무위키,not_processed,,,,
동경대전,"수운 최제우, 김용옥 등 역주",ildangbaek,,6,나무위키,not_processed,,,,
두 개의 한국,돈 오버도퍼,ildangbaek,,7,나무위키,not_processed,,,,
컨택트,"영화가 책 잡히다:정영진의 선택, 컨택트 1부",ildangbaek,,7,나무위키,not_processed,,,,
대부,프랜시스 포드 코폴라,ildangbaek,,7,나무위키,not_processed,,,,
영속패전론,시라이 사토시,ildangbaek,,7,나무위키,not_processed,,,,
국부론,애덤 스미스,ildangbaek,,7,나무위키,not_processed,,,,
킬링디어,요르고스 란티모스,ildangbaek,,8,나무위키,not_processed,,,,
"날개, 오감도",이상,ildangbaek,,8,나무위키,not_processed,,,,
행복의 기원,서은국,ildangbaek,,8,나무위키,not_processed,,,,
아Q정전,루쉰,ildangbaek,,9,나무위키,not_processed,,,,
우리들의 일그러진 영웅,박종원,ildangbaek,,9,나무위키,not_processed,,,,
남산의 부장들,김충식,ildangbaek,,9,나무위키,not_processed,,,,
민담의 심층,가와이 하야오,ildangbaek,,9,나무위키,not_processed,,,,
아라비안 나이트,아랍의 밤은 유럽의 낮보다 아름답다,ildangbaek,,10,나무위키,not_processed,,,,
"장미의 이름(숀 코너리, 크리스쳔 슬레이터 주연)",장자크 아노,ildangbaek,,10,나무위키,not_processed,,,,
세계사를 바꾼 전염병들/문명과 질병,브런 바너드 외,ildangbaek,,10,나무위키,not_processed,,,,
진화와 협력,수유너머N,ildangbaek,,10,나무위키,not_processed,,,,
역사,헤로도토스,ildangbaek,,11,나무위키,not_processed,,,,
참을 수 없는 존재의 가벼움,밀란 쿤데라,ildangbaek,,11,나무위키,not_processed,,,,
올리버 트위스트,찰스 디킨스,ildangbaek,,11,나무위키,not_processed,,,,
손자병법,손자,ildangbaek,,12,나무위키,not_processed,,,,
시간의 역사,스티븐 호킹,ildangbaek,,12,나무위키,not_processed,,,,
플루타르코스 영웅전,플루타르코스,ildangbaek,,12,나무위키,not_processed,,,,
"총, 균, 쇠",재레드 다이아몬드,ildangbaek,,13,나무위키,not_processed,,,,
종교의 기원 외,지그문트 프로이트,ildangbaek,,13,나무위키,not_processed,,,,
현대 북한의 지도자 외,서대숙,ildangbaek,,13,나무위키,not_processed,,,,
맛,로알드 달,ildangbaek,,14,나무위키,not_processed,,,,
소돔 120일,사드,ildangbaek,,14,나무위키,not_processed,,,,
푸코 바르트 레비 스트로스 라캉 쉽게 읽기,우치다 타츠루,ildangbaek,,14,나무위키,not_processed,,,,
제4차산업혁명,클라우스 슈밥,ildangbaek,,15,나무위키,not_processed,,,,
무녀도 외,김동리,ildangbaek,,15,나무위키,not_processed,,,,
"육조단경, 선의 황금시대",혜능,ildangbaek,,15,나무위키,not_processed,,,,
만들어진 신,리처드 도킨스,ildangbaek,,16,나무위키,not_processed,,,,
페스트,알베르 카뮈,ildangbaek,,16,나무위키,not_processed,,,,
울릉도 오딧세이,전경수,ildangbaek,,16,나무위키,not_processed,,,,
난장이가 쏘아올린 작은 공,조세희,ildangbaek,,17,나무위키,not_processed,,,,
음식문화의 수수께끼,마빈 해리스,ildangbaek,,17,나무위키,not_processed,,,,
변신 이야기,오비디우스,ildangbaek,,17,나무위키,not_processed,,,,
대화편,플라톤,ildangbaek,,18,나무위키,not_processed,,,,
소용돌이의 한국정치,그레고리 헨더슨,ildangbaek,,18,나무위키,not_processed,,,,
왜 수학자들은 미치는가...광기와 논리의 이중주,버트런드 러셀외,ildangbaek,,18,나무위키,not_processed,,,,
이슬람 1400년,버나드 루이스,ildangbaek,,19,나무위키,not_processed,,,,
자본론,카를 마르크스,ildangbaek,,20,나무위키,not_processed,,,,
기나긴 이별,레이먼드 챈들러,ildangbaek,,20,나무위키,not_processed,,,,
일본의 굴레,태가트 머피,ildangbaek,,20,나무위키,not_processed,,,,
시(詩),시는 열 살 어린이다...일당백의 애송시는?,ildangbaek,,21,나무위키,uploaded,2025-11-23,2025-11-23,,
조직의 성쇠,사카이야 다이치,ildangbaek,,21,나무위키,not_processed,,,,
영화-에이리언 시리즈,리들리 스콧/제임스 카메론외,ildangbaek,,21,나무위키,not_processed,,,,
이토 마사아키,미디어와 시위에 대한 정프로의 통찰력! (feat. 김경화 박사),ildangbaek,,21,나무위키,not_processed,,,,
"우국, 금각사",미시마 유키오,ildangbaek,,22,나무위키,not_processed,,,,
오즈의 마법사,프랭크 바움,ildangbaek,,22,나무위키,not_processed,,,,
맥베스,셰익스피어,ildangbaek,,22,나무위키,not_processed,,,,
한국의 베스트셀러,한기호 외,ildangbaek,,23,나무위키,not_processed,,,,
지정학의 힘,김동기,ildangbaek,,23,나무위키,not_processed,,,,
제2의 성,시몬 드 보부아르,ildangbaek,,24,나무위키,not_processed,,,,
고금소총/조선의 음담패설,???,ildangbaek,,24,나무위키,not_processed,,,,
논어(論語),공자,ildangbaek,,25,나무위키,not_processed,,,,
곰브리치 세계사,에른스트 곰브리치,ildangbaek,,25,나무위키,not_processed,,,,
사랑의 기술,에리히 프롬,ildangbaek,,25,나무위키,not_processed,,,,
"권력의 논리, 화염과 분노-트럼프 백악관의 내부",푸틴,ildangbaek,,26,나무위키,not_processed,,,,
왜 칸트인가,김상환,ildangbaek,,26,나무위키,not_processed,,,,
라스푸틴,조지프 푸어만,ildangbaek,,26,나무위키,not_processed,,,,
코스모스,칼 세이건,ildangbaek,,27,나무위키,not_processed,,,,
중국 이야기,헨리 키신저,ildangbaek,,27,나무위키,not_processed,,,,
노란손수건/세계진문기담,오천석 외,ildangbaek,,27,나무위키,not_processed,,,,
무기여 잘 있거라,어니스트 헤밍웨이,ildangbaek,,28,나무위키,not_processed,,,,
털없는 원숭이,데즈먼드 모리스,ildangbaek,,28,나무위키,not_processed,,,,
중국의 붉은 별,에드거 스노,ildangbaek,,28,나무위키,not_processed,,,,
파리 대왕,윌리엄 골딩,ildangbaek,,29,나무위키,not_processed,,,,
사랑의 학교(쿠오레),에드몬도 데 아미치스,ildangbaek,,29,나무위키,not_processed,,,,
상속의 역사/유유의 귀향,백승종/권내현,ildangbaek,,29,나무위키,not_processed,,,,
광장(廣場),최인훈,ildangbaek,,30,나무위키,not_processed,,,,
탤런트 코드,대니얼 코일,ildangbaek,,30,나무위키,not_processed,,,,
단편특집,커트 보니것/박민규 외,ildangbaek,,30,나무위키,not_processed,,,,
과학혁명의 구조,토마스 쿤,ildangbaek,,31,나무위키,not_processed,,,,
차라투스트라는 이렇게 말했다,프리드리히 니체,ildangbaek,,31,나무위키,not_processed,,,,
인류사를 바꾼 순간,스테판 츠바이크,ildangbaek,,31,나무위키,not_processed,,,,
삼국유사,일연,ildangbaek,,32,나무위키,not_processed,,,,
예언자,칼릴 지브란,ildangbaek,,32,나무위키,not_processed,,,,
수상록(에세),미셸 드 몽테뉴,ildangbaek,,32,나무위키,not_processed,,,,
상실의 시대,무라카미 하루키,ildangbaek,,33,나무위키,uploaded,,2025-11-23,,
납량 영화 특집,"스티븐 스필버그, 조지 밀러, 조던 필",ildangbaek,,33,나무위키,not_processed,,,,
신곡,단테 알리기에리,ildangbaek,,33,나무위키,not_processed,,,,
동화,"안데르센,그림 형제,페로",ildangbaek,,34,나무위키,not_processed,,,,
춘추 좌전,"편찬-공자, 해설-좌구명, 편역-김월회",ildangbaek,,34,나무위키,not_processed,,,,
안티고네,소포클레스,ildangbaek,,34,나무위키,not_processed,,,,
해적 이야기,주경철 외,ildangbaek,,35,나무위키,not_processed,,,,
나와 세계/대변동,재레드 다이아몬드,ildangbaek,,35,나무위키,not_processed,,,,
슬픈 열대,레비스트로스,ildangbaek,,36,나무위키,not_processed,,,,
나폴레옹,프랭크 매클린,ildangbaek,,36,나무위키,not_processed,,,,
국도시 60년의 이야기/서울 도시계획 이야기,손정목,ildangbaek,,36,나무위키,not_processed,,,,
오뒷세이아,호메로스,ildangbaek,,37,나무위키,not_processed,,,,
구약성서 이야기/성서의 구조인류학,헨드릭 반 룬 외,ildangbaek,,37,나무위키,not_processed,,,,
전쟁의 역설,이언 모리스,ildangbaek,,37,나무위키,not_processed,,,,
프로테스탄티즘의 윤리와자본주의 정신,막스 베버,ildangbaek,,38,나무위키,not_processed,,,,
데카메론,보카치오,ildangbaek,,38,나무위키,not_processed,,,,
불교가 좋다,나카자와 신이치 외,ildangbaek,,38,나무위키,not_processed,,,,
단편선,에드가 앨런 포,ildangbaek,,39,나무위키,not_processed,,,,
미국은 동아시아를 어떻게 지배했나,마고사키 우케루,ildangbaek,,39,나무위키,not_processed,,,,
순교자/어린왕자 새로읽기,"김은국, 생텍쥐페리",ildangbaek,,39,나무위키,not_processed,,,,
이방인,알베르 카뮈,ildangbaek,,40,나무위키,not_processed,,,,
동양평화론/안응칠 역사,안중근,ildangbaek,,40,나무위키,not_processed,,,,
한 역사학자가 쓴 성경 이야기,김호동,ildangbaek,,40,나무위키,not_processed,,,,
걸리버 여행기,조너선 스위프트,ildangbaek,,41,나무위키,not_processed,,,,
미국의 반지성주의,리처드 호프스태터,ildangbaek,,41,나무위키,not_processed,,,,
스탈린,올레크 흘레브뉴크,ildangbaek,,41,나무위키,not_processed,,,,
열하일기,연암 박지원,ildangbaek,,42,나무위키,not_processed,,,,
3가지 원리,로렌스 토브,ildangbaek,,42,나무위키,not_processed,,,,
지식인의 두 얼굴,폴 존슨,ildangbaek,,42,나무위키,not_processed,,,,
예루살렘의 아이히만,한나 아렌트,ildangbaek,,43,나무위키,not_processed,,,,
만물박사/라쇼몬,서머셋 모옴/아쿠타가와 류노스케,ildangbaek,,43,나무위키,not_processed,,,,
서부전선 이상없다,레마르크,ildangbaek,,43,나무위키,not_processed,,,,
한국정치의 결정적 순간들,강원택,ildangbaek,,44,나무위키,not_processed,,,,
몽골제국과 세계사의 탄생,김호동,ildangbaek,,45,나무위키,not_processed,,,,
대본영의 참모들/일본제국은 왜 실패하였는가,위톈런 외,ildangbaek,,45,나무위키,not_processed,,,,
나는 고양이로소이다,나쓰메 소세키,ildangbaek,,46,나무위키,not_processed,,,,
달과 6펜스,서머싯 몸,ildangbaek,,46,나무위키,not_processed,,,,
타라스 불바(대장 부리바),니콜라이 고골,ildangbaek,,46,나무위키,not_processed,,,,
금병매,소소생,ildangbaek,,47,나무위키,not_processed,,,,
우리시대 고전읽기,정박,ildangbaek,,47,나무위키,not_processed,,,,
공자전,시라카와 시즈카/최인호,ildangbaek,,47,나무위키,not_processed,,,,
목민심서,다산 정약용,ildangbaek,,48,나무위키,not_processed,,,,
동남아문화 산책,신윤환,ildangbaek,,48,나무위키,not_processed,,,,
모비딕(白鯨),허먼 멜빌,ildangbaek,,49,나무위키,not_processed,,,,
나의 자서전,찰리 채플린,ildangbaek,,49,나무위키,not_processed,,,,
봄봄/동백꽃,김유정/기 드 모파상,ildangbaek,,49,나무위키,not_processed,,,,
세계의 단편귀여운 여인外,막막한 현실에서 길어올린 꽃같은 진실들,ildangbaek,,50,나무위키,not_processed,,,,
담론,신영복,ildangbaek,,50,나무위키,not_processed,,,,
파친코,이민진,ildangbaek,,50,나무위키,not_processed,,,,
한국의 단편'선구자'현진건'최정상'이태준,사라져가는 존재들을 향한 블랙 코미디,ildangbaek,,51,나무위키,not_processed,,,,
현대 한국 지성의 모험,김호기,ildangbaek,,51,나무위키,not_processed,,,,
우주로부터의 귀환/호모 아스트로룸,다치바나 다카시/오노 마시히로,ildangbaek,,51,나무위키,not_processed,,,,
사피엔스의 미래,알랭 드 보통-말콤 글래드웰Vs.스티븐 핑커-매트 리들리,ildangbaek,,52,나무위키,not_processed,,,,
열정과 이해관계,앨버트 허쉬먼,ildangbaek,,52,나무위키,not_processed,,,,
생각의 지도,리처드 니스벳,ildangbaek,,53,나무위키,not_processed,,,,
송기호 교수의 우리 역사 읽기,송기호,ildangbaek,,53,나무위키,not_processed,,,,
흙 속에 저 바람 속에,이어령,ildangbaek,,53,나무위키,not_processed,,,,
살아남은 자의 슬픔,베르톨트 브레히트,ildangbaek,,54,나무위키,not_processed,,,,
한국의 괴짜,신경림,ildangbaek,,54,나무위키,not_processed,,,,
소오강호,김용,ildangbaek,,55,나무위키,not_processed,,,,
반지성주의를 말하다,우치다 타츠루,ildangbaek,,55,나무위키,not_processed,,,,
한국전쟁,브루스 커밍스,ildangbaek,,56,나무위키,not_processed,,,,
불멸의 열쇠,브라이언 무라레스쿠,ildangbaek,,56,나무위키,not_processed,,,,
팬티 인문학/미식견문록,요네하라 마리,ildangbaek,,57,나무위키,not_processed,,,,
"예수, 하버드에 오다/예수라는 사나이",하비 콕스/다가와 겐조,ildangbaek,,58,나무위키,not_processed,,,,
일리아스,호메로스,ildangbaek,,58,나무위키,not_processed,,,,
신부님 우리들의 신부님,조반니 과레스키,ildangbaek,,59,나무위키,not_processed,,,,
고려사/고려사의 재발견,박시백/박종기,ildangbaek,,59,나무위키,not_processed,,,,
위대한 패배자,볼프 슈나이더,ildangbaek,,60,나무위키,not_processed,,,,
한국의 에세이피천득법정,그날 엄마는 어떤 마음이었을까,ildangbaek,,61,나무위키,not_processed,,,,
난중일기,이순신,ildangbaek,,61,나무위키,not_processed,,,,
한국의 명칼럼니스트리영희,진실의 추기경에서 의식화의 원흉까지...극과 극,ildangbaek,,62,나무위키,not_processed,,,,
무신과 문신/고려사,에드워드 슐츠,ildangbaek,,62,나무위키,not_processed,,,,
종의 기원,찰스 다윈,ildangbaek,,63,나무위키,not_processed,,,,
불멸의 유혹,자코모 카사노바,ildangbaek,,63,나무위키,not_processed,,,,
국화와 칼,루스 베네딕트,ildangbaek,,64,나무위키,not_processed,,,,
정신현상학,게오르크 빌헬름 프리드리히 헤겔,ildangbaek,,64,나무위키,not_processed,,,,
백년 동안의 고독,가브리엘 가르시아 마르케스,ildangbaek,,65,나무위키,not_processed,,,,
정해진 미래,조영태,ildangbaek,,65,나무위키,not_processed,,,,
삼미 슈퍼스타즈의마지막 팬클럽,박민규,ildangbaek,,66,나무위키,not_processed,,,,
불릿 트레인/마리아 비틀,이사카 코타로,ildangbaek,,67,나무위키,not_processed,,,,
불교의 성전/ 원시불교,에드워드 콘제/ 나카무라 하지메,ildangbaek,,68,나무위키,not_processed,,,,
초한지/항우와 유방,요코야마 미츠테루,ildangbaek,,68,나무위키,not_processed,,,,
꿈의 해석,지그문트 프로이트,ildangbaek,,69,나무위키,not_processed,,,,
땅과 바다,칼 슈미트,ildangbaek,,69,나무위키,not_processed,,,,
에밀,장 자크 루소,ildangbaek,,70,나무위키,not_processed,,,,
도덕경,노자,ildangbaek,,70,나무위키,not_processed,,,,
장자 莊子,"혁명가에게 정권을, 물리학자에겐 노벨상을 안겨준 희한한 책!",ildangbaek,,71,나무위키,not_processed,,,,
마지막 계승자,애나 파이필드,ildangbaek,,71,나무위키,not_processed,,,,
고전문학춘향전,작자 미상,ildangbaek,,72,나무위키,not_processed,,,,
중국과 일본,에즈라 보걸,ildangbaek,,72,나무위키,not_processed,,,,
복종,미셸 우엘백,ildangbaek,,73,나무위키,not_processed,,,,
갈매기,안톤 체호프,ildangbaek,,74,나무위키,not_processed,,,,
어린왕자,앙투안 드 생텍쥐페리,ildangbaek,,75,나무위키,not_processed,,,,
"칭기스 칸, 신 앞에 평등한 제국을 꿈꾸다",잭 웨더포드,ildangbaek,,75,나무위키,not_processed,,,,
죽음의 수용소에서,빅터 프랭클,ildangbaek,,76,나무위키,not_processed,,,,
경이로운 철학의 역사,움베르토 에코,ildangbaek,,77,나무위키,not_processed,,,,
아메리칸 프로메테우스,카이 버드 & 마틴 셔윈,ildangbaek,,78,나무위키,not_processed,,,,
에로스 문화탐사,이병주,ildangbaek,,78,나무위키,not_processed,,,,
임사체험,다치바나 다카시,ildangbaek,,79,나무위키,not_processed,,,,
헤어질 결심,박찬욱,ildangbaek,,79,나무위키,not_processed,,,,
순교자,김은국,ildangbaek,,80,나무위키,not_processed,,,,
맹자,맹자,ildangbaek,,80,나무위키,not_processed,,,,
정부론,존 로크,ildangbaek,,81,나무위키,not_processed,,,,
워터게이트,밥 우드워드,ildangbaek,,81,나무위키,not_processed,,,,
유토피아,토마스 모어,ildangbaek,,82,나무위키,not_processed,,,,
당시,이백/두보/백거이,ildangbaek,,82,나무위키,not_processed,,,,
물질문명과 자본주의,페르낭 브로델,ildangbaek,,83,나무위키,not_processed,,,,
하멜른의 피리 부는 사나이,아베 긴야,ildangbaek,,83,나무위키,not_processed,,,,
빅콘게임,데이비드 모러,ildangbaek,,84,나무위키,not_processed,,,,
서유기,오승은,ildangbaek,,84,나무위키,not_processed,,,,
바보 이반등 단편선,레프 톨스토이,ildangbaek,,85,나무위키,not_processed,,,,
세 죽음/ 도스토예프스키 비교,레프 톨스토이,ildangbaek,,86,나무위키,not_processed,,,,
돈의 흐름으로 읽는 세계사,오무라 오지로,ildangbaek,,86,나무위키,not_processed,,,,
뜻으로 본 한국역사,씨알 함석헌,ildangbaek,,87,나무위키,not_processed,,,,
"괴벨스, 대중 선동의 심리학",랄프 게오르크 로이트,ildangbaek,,87,나무위키,not_processed,,,,
백범 일지,백범 김구,ildangbaek,,88,나무위키,not_processed,,,,
심리를 조작하는 사람들,오카다 다카시,ildangbaek,,88,나무위키,not_processed,,,,
게으름에 대한 찬양 등,버트런드 러셀,ildangbaek,,89,나무위키,not_processed,,,,
《식탁 밑의 경제학/식탁 위의 세계사》,사카키바라 에이스케/이영숙,ildangbaek,,89,나무위키,not_processed,,,,
무제,앤 린드버그/ 데라다 도라히코,ildangbaek,,90,나무위키,not_processed,,,,
아홉 켤레의 구두로 남은 사내/별것 아닌 것 같지만 도움이 되는,윤흥길/레이먼드 카버,ildangbaek,,90,나무위키,not_processed,,,,
오리엔탈리즘,에드워드 사이드,ildangbaek,,91,나무위키,not_processed,,,,
문학과 예술의 사회사,아르놀트 하우저,ildangbaek,,91,나무위키,not_processed,,,,
아무도 말하지 않는 미국 현대사,올리버 스톤外,ildangbaek,,92,나무위키,not_processed,,,,
뇌를 훔친 소설가,석영중,ildangbaek,,92,나무위키,not_processed,,,,
서양의 지혜 외,버트런드 러셀,ildangbaek,,93,나무위키,not_processed,,,,
변신外,프란츠 카프카,ildangbaek,,94,나무위키,not_processed,,,,
제국의 충돌,훙호펑,ildangbaek,,94,나무위키,not_processed,,,,
그리스 로마 신화,강대진 外,ildangbaek,,95,나무위키,not_processed,,,,
대한민국은 왜/한국의 새길을 찾다,김동춘/한국의새길을찾는원로그룹,ildangbaek,,95,나무위키,not_processed,,,,
관부연락선,이병주,ildangbaek,,96,나무위키,not_processed,,,,
한국인의 발견,최정운,ildangbaek,,96,나무위키,not_processed,,,,
조선왕조실록,실록청,ildangbaek,,97,나무위키,not_processed,,,,
오늘도 그리러 갑니다,오창환,ildangbaek,,97,나무위키,not_processed,,,,
칩 워(Chip War),크리스 밀러,ildangbaek,,98,나무위키,not_processed,,,,
한국 현대시,서정주/박노해,ildangbaek,,99,나무위키,not_processed,,,,
자유론,존 스튜어트 밀,ildangbaek,,99,나무위키,not_processed,,,,
"또다시 사마천 , 새로운 사기",사마천,ildangbaek,,100,나무위키,not_processed,,,,
웃음의 치유력,노먼 커즌스,ildangbaek,,100,나무위키,not_processed,,,,
날씨가 바꾼 세계의 역사,로날트 D. 게르슈테,ildangbaek,,101,나무위키,not_processed,,,,
농담,밀란 쿤데라,ildangbaek,,102,나무위키,not_processed,,,,
오! 한강,허영만,ildangbaek,,103,나무위키,not_processed,,,,
아인슈타인과 오펜하이머,실번 S. 슈위버,ildangbaek,,104,나무위키,not_processed,,,,
문명사 특강,이케가미 에이코,ildangbaek,,106,나무위키,not_processed,,,,
최초의 역사 수메르,김산해,ildangbaek,,107,나무위키,not_processed,,,,
조선의 사나이거든 폿뽈을 차라,천정환,ildangbaek,,109,나무위키,not_processed,,,,
종교의 흑역사,오무라 오지로,ildangbaek,,110,나무위키,not_processed,,,,
이슬람 문화,이희수,ildangbaek,,111,나무위키,not_processed,,,,
신의 화살,치누아 아체베,ildangbaek,,112,나무위키,not_processed,,,,
가이아의 복수,제임스 러브록,ildangbaek,,113,나무위키,not_processed,,,,
르네 지라르 혹은 폭력의 구조,김현,ildangbaek,,114,나무위키,not_processed,,,,
남아있는 나날,가즈오 이시구로,ildangbaek,,115,나무위키,not_processed,,,,
위대한 사상가들,칼 야스퍼스,ildangbaek,,116,나무위키,not_processed,,,,
삼국사기,김부식,ildangbaek,,117,나무위키,not_processed,,,,
세계의 불가사의,콜린 윌슨,ildangbaek,,119,나무위키,not_processed,,,,
메이지 유신,박훈,ildangbaek,,120,나무위키,not_processed,,,,
증언록,김종필,ildangbaek,,121,나무위키,not_processed,,,,
잊혀진 질문,차동엽,ildangbaek,,122,나무위키,not_processed,,,,
바람과 함께 사라지다,마거릿 미첼,ildangbaek,,123,나무위키,not_processed,,,,
아라비아의 로렌스,토머스 에드워드 로렌스,ildangbaek,,124,나무위키,not_processed,,,,
역사를 바꾼 권력자들,이언 커쇼,ildangbaek,,125,나무위키,not_processed,,,,
스타워즈로 본 세상,캐스 선스타인,ildangbaek,,126,나무위키,not_processed,,,,
너희도 신처럼 되리라,에리히 프롬,ildangbaek,,127,나무위키,not_processed,,,,
파묘-한국의 신기,장재현,ildangbaek,,128,나무위키,not_processed,,,,
비명을 찾아서,복거일,ildangbaek,,129,나무위키,not_processed,,,,
로빈슨 크루소,대니얼 디포,ildangbaek,,130,나무위키,not_processed,,,,
곰에서 왕으로,나카자와 신이치,ildangbaek,,131,나무위키,not_processed,,,,
위스키 로드/위스키에 대해 꼭 알고 싶은 것들,이기중,ildangbaek,,132,나무위키,not_processed,,,,
가여운 것들,앨러스데어 그레이,ildangbaek,,133,나무위키,not_processed,,,,
탈세의 세계사,오무라 오지로,ildangbaek,,134,나무위키,not_processed,,,,
역사란 무엇인가,아놀드 토인비,ildangbaek,,135,나무위키,not_processed,,,,
역사 속 성문화 사색,강영운,ildangbaek,,136,나무위키,not_processed,,,,
도리언 그레이의 초상,오스카 와일드,ildangbaek,,137,나무위키,not_processed,,,,
철도원 삼대,황석영,ildangbaek,,138,나무위키,not_processed,,,,
존중받지 못하는 자들을 위한 정치학,프랜시스 후쿠야마,ildangbaek,,139,나무위키,not_processed,,,,
교양의 앤솔로지,움베르토 에코,ildangbaek,,140,나무위키,not_processed,,,,
남자들은 자꾸 나를 가르치려 든다,리베카 솔닛,ildangbaek,,141,나무위키,not_processed,,,,
더러운 손,장 폴 사르트르,ildangbaek,,142,나무위키,not_processed,,,,
제3차 세계대전은 이미 시작되었다,에마뉘엘 토드,ildangbaek,,143,나무위키,not_processed,,,,
누구를 위하여 종은 울리나,어니스트 헤밍웨이,ildangbaek,,144,나무위키,not_processed,,,,
영혼의 자서전,니코스 카잔차키스,ildangbaek,,145,나무위키,not_processed,,,,
종교개혁,이양호/사토 마사루,ildangbaek,,146,나무위키,not_processed,,,,
카라마조프 가의 형제들,도스토옙스키,ildangbaek,,147,나무위키,not_processed,,,,
금강경,붓다(부처),ildangbaek,,148,나무위키,not_processed,,,,
예고된 쿠데타 8월 종파사건,김재웅,ildangbaek,,149,나무위키,not_processed,,,,
사후생,엘리자베스 퀴블러 로스,ildangbaek,,150,나무위키,not_processed,,,,
"노스탤지어, 어느 위험한 감정의 연대기",애그니스 아그널포스터,ildangbaek,,153,나무위키,not_processed,,,,
그해 5월,이병주,ildangbaek,,154,나무위키,not_processed,,,,
작별하지 않는다,한강,ildangbaek,,155,나무위키,not_processed,,,,
"자본주의의 종말, 그 너머의 세계",사카키바라 에이스케,ildangbaek,,156,나무위키,not_processed,,,,
"타인의 삶/ 탑 시크릿, 그림자인간",손관승,ildangbaek,,157,나무위키,not_processed,,,,
길 위의 철학자,에릭 호퍼,ildangbaek,,158,나무위키,not_processed,,,,
세상에서 가장 짧은 세계사,존 허스트,ildangbaek,,159,나무위키,not_processed,,,,
크리에이터 소사이어티,모종린,ildangbaek,,160,나무위키,not_processed,,,,
일론 머스크,월터 아이작슨,ildangbaek,,161,나무위키,not_processed,,,,
바보의 벽,요로 다케시,ildangbaek,,162,나무위키,not_processed,,,,
세계사를 움직이는 다섯 가지 힘,사이토 다카시,ildangbaek,,163,나무위키,not_processed,,,,
오십에 읽는 맹자,조형권,ildangbaek,,164,나무위키,not_processed,,,,
정영진의 시대유감,정영진,ildangbaek,,165,나무위키,not_processed,,,,
흐름을 꿰뚫는 세계사 독해,사토 마사루,ildangbaek,,167,나무위키,not_processed,,,,
성서 어떻게 읽을 것인가,하비 콕스,ildangbaek,,168,나무위키,not_processed,,,,
오레스테이아,아이스퀼로스,ildangbaek,,169,나무위키,not_processed,,,,
불통 독단 야망,스티브 테일러,ildangbaek,,170,나무위키,not_processed,,,,
소유와 자유,리처드 파이프스,ildangbaek,,171,나무위키,not_processed,,,,
서경,공자,ildangbaek,,172,나무위키,not_processed,,,,
뇌가 힘들 땐 미술관에 가는 게 좋다,수전 매그새먼,ildangbaek,,173,나무위키,not_processed,,,,
울림,조현,ildangbaek,,174,나무위키,not_processed,,,,
열린 사회와 그 적들,칼 포퍼,ildangbaek,,175,나무위키,not_processed,,,,
사기 열전,사마천,ildangbaek,,176,나무위키,not_processed,,,,
천 번을 부서져도 그대는 여전히 바다다,정상교,ildangbaek,,177,나무위키,not_processed,,,,
성과 속,M.엘리아데,ildangbaek,,178,나무위키,not_processed,,,,
사장은 약해지지 않는다,최송목,ildangbaek,,179,나무위키,not_processed,,,,
생각을 잃어버린 사회,버트런드 러셀,ildangbaek,,180,나무위키,not_processed,,,,
아내가 결혼했다,박현욱,ildangbaek,,181,나무위키,not_processed,,,,
정조가 묻고 다산이 답하다,신창호,ildangbaek,,182,나무위키,not_processed,,,,
옹정제,미야자키 이치사다,ildangbaek,,183,나무위키,not_processed,,,,
당신이 헌법이다,임지봉,ildangbaek,,184,나무위키,not_processed,,,,
24분,애니 제이콥슨,ildangbaek,,185,나무위키,not_processed,,,,
은둔/한국종교사상사 불교편,이대근,ildangbaek,,186,나무위키,not_processed,,,,
빈곤해방,피터 싱어,ildangbaek,,187,나무위키,not_processed,,,,
1도의 가격,박지성,ildangbaek,,189,나무위키,not_processed,,,,
예수의 생애,찰스 디킨스,ildangbaek,,190,나무위키,not_processed,,,,
신을 찾는 뇌/내가 곧 세계,로빈 던바,ildangbaek,,191,나무위키,not_processed,,,,
삶은 덜어낼수록 더 단단해진다,이길환,ildangbaek,,192,나무위키,not_processed,,,,
네오콘 일본의 탄생,서의동,ildangbaek,,193,나무위키,not_processed,,,,
고양이 레이의 선물,김대중,ildangbaek,,194,나무위키,not_processed,,,,
고도를 기다리며,사무엘 베케트,ildangbaek,,195,나무위키,not_processed,,,,
"몽테뉴, 사유의 힘",임재성,ildangbaek,,196,나무위키,not_processed,,,,
액스,도널드 E. 웨스트레이크,ildangbaek,,197,나무위키,not_processed,,,,
반야심경,현장,ildangbaek,,198,나무위키,not_processed,,,,
1984,조지 오웰,ildangbaek,,199,나무위키,uploaded,,2025-11-25,,
제국의 몰락,엠마뉘엘 토드,ildangbaek,,200,나무위키,not_processed,,,,
거대사,데이비드 크리스천,ildangbaek,,201,나무위키,not_processed,,,,
게걸음으로,귄터 그라스,ildangbaek,,202,나무위키,not_processed,,,,
톨스토이냐 도스토예프스키냐,조지 스타이너,ildangbaek,,203,나무위키,not_processed,,,,
작별인사,김영하,ildangbaek,,,수동 추가,uploaded,2025-11-27,2025-11-27,,
편안함의 습격,마이클 이스터,ildangbaek,,,수동 추가,not_processed,,,,
노동의 종말,제러미 리프킨,ildangbaek,,,수동 추가,not_processed,,,,
멋진 신세계,올더스 헉슬리,ildangbaek,,,수동 추가,not_processed,,,,
연금술사,Paulo Coelho,masterpiece,,,브라질문학,uploaded,2025-12-05,2025-12-05,,
